{"cameraMode":{"drawMode":0,"name":"Shaded","section":"Shading Mode"},"sceneLighting":true,"audioPlay":false,"sceneViewState":{"m_AlwaysRefresh":false,"showFog":true,"showSkybox":true,"showFlares":true,"showImageEffects":true,"showParticleSystems":true,"showVisualEffectGraphs":true,"m_FxEnabled":false},"in2DMode":false,"pivot":{"x":0.2239367961883545,"y":1.3582239151000977,"z":-0.46454954147338869},"rotation":{"x":-0.05450034886598587,"y":0.927242636680603,"z":-0.14898096024990083,"w":-0.3392045497894287},"size":2.077022075653076,"orthographic":false}